anime_id,estudio_id
16498,858
16498,10
101922,43
113415,569
1535,11
1535,196
21459,4
11061,11
11061,6460
21087,11
21,18
21,416
21,207
21,68
21,6291
21,406
20605,1
20958,858
20958,10
5114,4
20,1
11757,561
20954,2
21519,291
99147,858
99147,10
21856,4
110277,569
110277,10
101759,6222
127230,569
20755,456
21507,4
21355,314
20665,561
104578,858
104578,10
1735,1
21234,561
100166,4
9253,314
20464,10
97940,1
101291,6222
140960,6222
140960,858
101921,561
105333,73
21827,2
101348,858
101348,10
4224,7
19815,11
20447,4
20613,314
124080,6222
104276,4
20789,561
21202,37
269,1
112151,43
20623,11
99423,803
99423,6222
99423,561
1575,14
30,6
30,103
145064,569
105310,287
142329,43
199,21
199,101
14719,287
154587,11
20931,11
97668,7
1,14
9919,561
9919,765
101280,4418
101280,6116
99263,290
98314,569
108465,6309
108465,6127
20594,561
101338,4
98659,456
120120,839
6547,132
151807,561
131681,569
131681,10
112641,561
131573,569
20997,132
10620,163
10620,765
132405,6222
21311,4
18679,803
117193,4
20850,1
97986,290
20923,7
20832,11
20992,10
20920,7
15809,314
9989,561
3588,4
3588,325
11111,132
120377,803
171018,6145
14813,112
6702,41
6702,561
6702,765
2001,6
108632,314
21699,37
101347,569
101347,200
145139,43
21170,456
431,21
21698,10
2904,14
129874,43
128893,569
21804,7
21804,6127
13601,10
106286,291
14741,2
14741,929
98460,6145
12189,2
12189,929
10087,43
20474,287
5081,44
19,11
115230,94
113936,73
21776,2
142838,858
142838,6222
20829,858
99578,561
150672,95
9756,44
137822,4418
108725,6222
127720,6309
127720,6127
116589,561
103572,200
161645,28
161645,7368
133965,28
108511,4418
114535,112
21450,287
11617,120
21128,4
130298,852
105334,73
100388,569
113813,73
100240,1
119661,314
176496,561
101165,314
164,21
114236,287
102883,287
2167,929
2167,2
116006,569
918,14
6746,112
106625,10
125367,561
20799,287
20661,569
100182,561
7054,7
151801,561
99539,561
8074,11
11771,10
124845,6222
18153,2
141391,839
523,21
523,24
153288,10
153288,47
205,32
5680,2
5680,929
13759,7
21613,6148
20698,91
226,38
226,171
166240,43
136430,569
116742,4418
139630,4
18897,44
120697,94
112301,300
98437,11
121,4
17895,7
19603,43
130003,6222
140439,4
14227,112
21518,7
4898,561
145545,456
145545,101
146065,6309
146065,6127
104157,6222
20458,11
21049,73
107660,6077
20872,95
813,18
853,4
853,70
113538,10
172463,569
32,6
32,10
32,18
339,110
178025,4
178025,7585
889,11
1689,291
6880,32
6045,10
146984,569
146984,10
16782,291
20807,7
15583,292
101474,11
98436,858
98436,10
116267,35
111321,290
20596,10
21092,300
21092,852
437,11
101167,7
101167,6127
21857,300
11741,43
102976,7
10793,10
10165,2
10165,929
159831,7348
159831,44
21679,4
108463,456
100876,569
17265,41
102351,1
158927,858
158927,6222
21647,73
21647,94
124153,4
100922,6117
223,18
16592,456
14513,561
109261,6180
21709,569
171627,569
110349,858
110349,10
47,65
21875,11
20727,4
100668,314
100668,163
99255,7
97938,1
129201,28
108489,91
185660,6145
153518,803
113717,858
20668,95
4181,2
4181,929
103139,51
100723,4
21127,314
108759,561
182255,11
99629,7
177709,73
147105,7348
20770,1
21175,18
127911,95
21366,44
155783,10
108430,456
143270,561
131646,4
20910,7
877,11
227,6
227,10
166873,6309
166873,6127
101004,30
181444,6222
20792,43
116674,1
154965,11
154965,6127
108928,37
108928,553
21421,803
100977,287
129898,300
129898,6738
1210,3
578,21
162804,95
131518,73
849,2
103047,2
176301,7368
176301,28
21700,839
142770,291
105156,314
112124,7
112124,6127
21711,6071
103223,4
20993,858
20631,107
20631,7845
20994,561
15451,120
114308,561
114308,6127
98291,418
20457,290
20457,6077
21196,858
10408,112
131586,561
21403,561
12355,11
12355,555
457,8
11843,14
161964,852
178788,43
163134,314
131942,287
21595,37
11887,300
11887,392
4654,7
2251,112
2251,765
114963,4419
105228,569
20966,839
163270,6222
98034,7
98034,6127
356,37
154768,6222
114232,4399
146066,456
146066,101
2890,21
21685,561
11597,44
111762,73
512,21
512,101
20626,561
20626,397
151970,6052
777,11
777,41
777,549
777,894
113596,4
156822,4418
100112,300
18507,2
18507,929
33,28
18671,2
21428,561
16894,10
163139,4
21701,456
2966,75
97994,561
21058,4
106479,300
166610,561
128546,858
21861,561
20657,561
136804,6289
13125,561
934,37
133844,11
20745,120
166531,95
2025,4
124194,73
109963,7
43,10
245,1
97766,6103
151806,6075
108553,4
2236,11
97922,569
105190,852
126403,6391
14467,309
174576,60
174576,6116
249,2
249,14
100773,7
20987,95
21385,561
17074,44
125206,6052
125206,6417
143338,4399
21093,456
21093,7813
166613,569
99468,247
6,11
14713,73
131565,11
131565,569
18115,561
107693,6116
100183,6069
100183,6127
142984,28
7791,2
7791,929
21858,803
9260,44
99426,11
98444,6074
107717,2
162314,569
162314,10
141014,6314
10719,436
20876,44
20602,2
14345,11
116566,1
114888,6222
141949,6638
100643,290
163132,6222
131083,911
20725,10
107201,112
20678,4420
98707,6077
125426,7
153152,247
98202,91
392,1
167152,6312
130592,6069
20946,11
790,32
790,765
114124,10
21131,561
98491,196
1195,7
114745,290
1943,11
103871,569
14289,218
128705,35
6213,7
16742,300
20722,290
103632,6073
103632,6639
20811,10
20811,858
178754,10
112609,6052
108241,6103
20912,2
153800,7
15689,44
115113,6292
128547,28
128547,6711
100077,91
114043,7
111322,290
111322,7371
7785,11
153845,6073
153845,73
19163,292
19163,4420
101001,456
113425,120
7311,2
7311,929
21400,44
104647,300
97863,951
527,28
151384,561
8769,436
8769,755
99457,132
170942,94
170942,73
17729,4418
20791,43
109190,2
1887,2
2759,6
2759,47
270,3
21290,4399
178789,6309
178789,6127
97832,911
97832,894
263,11
21399,44
16870,1
142853,839
147103,290
112443,4399
99749,561
99749,397
99749,6222
114121,6140
3455,27
163146,4418
101168,6216
114194,6077
159322,1
11633,112
11577,314
177689,6182
104464,957
100298,73
20513,103
20513,10
112608,6217
116752,37
116752,553
97888,73
126546,73
126546,318
99699,6142
117612,7
166794,30
21306,2
16067,132
162670,73
101573,6068
97767,911
130588,300
99420,314
124410,73
20773,32
97907,300
125428,6117
99726,6101
2034,18
97980,6068
132126,11
8525,32
6594,314
136,22
3784,6
3784,47
11499,37
20955,911
21123,346
9041,4418
9041,765
513,21
135806,6960
11759,14
98035,561
141911,132
112323,163
112323,6638
14749,561
126192,200
18397,858
18397,10
162694,6180
103900,6240
103900,6239
154116,287
154116,73
323,11
177937,858
177937,6222
20671,37
189046,314
127399,894
182896,7585
182896,4
21878,95
7724,39
98478,44
21262,44
21718,43
171457,561
110354,803
127401,6101
127401,1
225,18
149118,287
195600,7585
195600,4
16417,2
16417,929
117448,200
117448,6314
128712,6292
18277,300
18277,957
129196,7
129196,6127
4081,112
4081,178
118375,6314
21574,37
182205,4418
137281,6126
155907,132
142074,6292
98251,51
2476,120
114085,30
110350,951
137908,247
137908,7408
111790,10
21495,300
21364,561
2993,3
126213,6416
156092,6323
156092,7324
156092,6391
156092,6318
107226,95
8425,4
20607,103
20754,456
21499,1
21745,44
146722,287
116588,7
101302,18
10800,11
3785,47
3785,18
20593,44
150075,6289
142876,73
15315,51
153406,229
21341,6067
117343,397
7674,7
107067,6117
20918,44
20785,4418
21455,95
151514,11
145665,561
1818,11
9656,10
17549,300
20519,2
4382,2
20729,18
20996,6116
21394,6075
21719,43
6347,300
139518,7
139518,6417
132474,6312
132474,6360
129188,839
21860,41
21860,6052
21365,91
156067,569
11981,44
108268,30
3786,47
3786,18
1482,73
185,126
185,36
185,413
109298,6145
182300,60
182300,6116
10863,314
101310,839
8841,37
98320,839
131520,6180
180745,456
180745,101
5681,11
20849,43
14075,4
112300,4418
172019,73
169755,7517
169755,1
120646,95
15051,14
139587,6052
141821,35
101432,2
268,77
167336,569
137667,6485
132052,247
132052,118
97996,37
6675,11
20812,132
146493,300
8795,6
130586,300
130586,6138
100722,7
100722,6292
16662,21
114065,91
100049,314
5630,10
176508,6052
112667,300
104722,6125
2593,43
146850,6117
105932,6075
20981,555
20652,6071
146210,7107
14833,38
97886,4
66,7
104325,6246
9969,14
8675,309
8675,399
98635,73
99425,803
585,21
141249,4
110270,911
21639,27
105914,95
142769,6400
143653,839
140457,6125
104454,443
7711,21
572,101
572,363
132473,6311
182587,95
136934,4399
196187,406
153930,6496
175977,858
113311,30
9513,1
9513,6109
1519,11
1519,69
20646,803
138565,6289
116338,6116
7593,91
21686,112
530,18
99424,803
99424,453
99424,894
139498,4418
14967,436
21180,561
103302,6149
107663,456
21390,561
141774,132
20632,561
20632,6068
99088,6137
166216,247
158928,858
158928,6222
10161,4
98596,300
97592,561
6707,561
8861,91
8861,753
126659,4
105018,6145
8937,7
232,11
98503,112
101281,4
156415,7331
116673,4419
116673,6414
10110,91
10110,753
16011,4418
21665,10
140596,28
140596,73
10162,10
10162,765
135136,4
101351,478
125038,6222
184237,73
100878,6148
14349,803
107625,6101
175914,839
7088,8
101547,354
20701,333
110353,6148
124140,561
124140,6127
3457,37
116741,4418
10490,10
116242,6288
108623,314
107961,6216
107961,541
170130,7
387,81
101316,132
20483,95
20541,44
156039,179
156039,171
178680,6222
120,37
109020,95
109020,6413
131680,1
21188,456
21220,1
145728,911
21851,300
157198,6216
144553,478
180367,6180
180367,6417
3002,11
112625,7
112625,6127
155211,7
155211,6127
20968,561
108617,41
108617,6360
101903,10
5341,75
5341,112
5341,553
6033,18
107871,6182
100526,346
116005,10
116005,6143
97880,14
98385,858
106240,894
153658,10
71,3
129191,7
1604,8
355,7
21676,7
12531,200
12531,569
16049,7
118419,132
169580,957
111734,456
112649,839
99634,858
148969,6103
486,179
486,412
15225,7
145260,41
151252,6117
151252,7225
11013,287
20057,4
5958,88
173694,35
173694,1
163623,70
13659,561
152137,6960
20801,73
20801,7821
179966,418
21517,6125
12445,300
6956,561
2246,18
21386,11
186052,6143
186052,7597
141208,35
107068,247
108631,287
20590,569
125368,561
142455,858
146625,561
104580,7
104580,6127
13161,38
59,11
21509,456
19221,51
1889,37
98861,6130
98861,6486
21006,4418
134732,10
759,11
45,36
45,37
6114,11
99540,561
98514,132
98514,6182
119683,7
119683,179
21110,4420
155963,6138
155963,300
153629,51
9617,2
9617,929
139648,7
162896,6222
21825,456
8676,48
12413,314
98384,4
170695,28
170695,6417
10495,39
10495,95
10495,497
10495,753
10495,755
21377,10
136707,51
160188,309
21258,4
20879,6071
16762,163
116867,300
98820,6103
237,4
237,196
1840,7
21051,41
20031,112
135865,6148
20614,2
20614,929
151040,6077
20555,21
168374,6360
168374,6312
171046,6222
199547,7585
199547,4
100179,95
179062,287
154967,6222
1292,3
1292,178
124675,95
112802,478
98005,10
157397,418
157397,6108
21520,44
12549,91
14131,60
15037,163
98762,2
20462,4
11433,7
108388,4399
138882,91
138882,6122
189117,73
100815,44
111314,10
111314,6601
111314,7369
132010,4399
481,36
146953,300
104723,7
104723,179
129192,6217
21659,73
178869,6075
148048,6738
106509,4418
154459,6292
19369,91
26,11
26,86
129277,7
132456,300
163329,839
820,7394
124858,10
20503,7
100483,27
20735,541
10721,112
15417,14
5,4
5,14
21096,561
20809,41
153332,207
153332,6125
161474,6222
130591,6751
130591,951
105989,300
103275,6222
170732,7
170732,6127
110229,6240
110229,6239
21362,4420
21624,314
126791,6292
12467,346
147642,957
141534,6309
141534,6127
179955,7066
179955,911
99531,6149
97889,6116
186794,14
186794,73
11785,27
114446,911
114446,6072
154391,7107
20972,37
2605,44
97768,561
106319,118
106319,247
57,11
12477,84
467,10
467,178
116605,6216
18247,4418
20606,561
21626,51
166617,561
152681,37
112788,101
126288,37
440,7
20880,6071
163263,4
105074,839
21457,91
20529,112
1281,1
104052,4418
127090,911
235,73
163292,96
163292,6417
16934,2
115740,6288
597,21
9289,132
111428,95
20021,561
97617,300
5042,91
123802,51
21416,11
104459,6074
119675,397
158417,6371
15379,48
99693,6222
148116,7294
120209,300
13663,27
156023,112
20663,120
163076,755
141902,18
97731,561
10080,32
21410,11
150695,6125
21460,2
109287,200
162780,406
118465,6108
118465,418
172258,6180
11319,7
98580,2
199221,73
3712,7
18753,112
416,21
20494,4
4063,35
228,37
12293,51
2418,4
7647,44
21560,6073
21560,839
21560,241
158028,6314
158028,6417
170019,4399
190327,287
154473,163
178462,418
178462,6108
178462,6127
20534,38
20935,839
20935,537
120608,300
20527,112
177474,101
98951,51
98951,478
5530,27
144092,6052
14837,18
113693,30
8630,7
1691,3
16524,10
158898,300
158898,1
21284,7
15039,561
143277,287
12291,48
12291,755
97908,44
175872,6443
98443,894
98292,95
100185,7
101386,6052
21221,43
126047,118
147864,6309
147864,6127
129193,7
129193,6127
131548,6222
108307,10
154745,73
185874,1
185874,7517
139274,14
141182,73
141182,318
21769,91
181447,839
139092,6116
13667,1
170,18
21688,858
21688,10
122052,10
185736,7585
185736,4
16664,21
20574,7
20574,6132
20704,300
176273,569
164702,6638
97663,4418
186497,6312
129068,6311
129068,723
129068,91
173780,290
18677,163
100178,2
100178,929
98449,7
98449,299
101283,11
151379,132
104217,561
142598,7
14199,300
14199,852
104463,7
104463,179
110733,569
17513,218
7817,34
7817,333
552,18
139820,6288
114862,37
20984,541
21296,6150
97815,6075
20047,37
14829,300
6211,4
6211,290
6211,765
21378,4420
104462,7
151847,6143
10396,287
20627,51
861,10
98505,6069
98505,60
101166,7
101166,6127
21281,10
101361,132
16918,561
13655,7
9379,44
9181,27
9181,753
4214,3
97682,314
127271,555
127271,6791
153360,418
153360,6108
20599,1
21887,51
130590,300
20517,314
21269,112
21269,6149
21269,6910
169417,37
126357,6318
175019,6117
101972,6485
124395,6292
136484,6391
136484,6318
136484,7049
20963,2
101227,4399
11285,334
11285,537
137909,6216
17247,456
885,36
885,37
885,101
148098,406
21268,14
117989,163
187264,7621
152802,28
16706,32
21714,6069
20595,8
163142,6239
110178,443
98549,437
107956,6288
98977,6075
98572,95
145,6
145,7
199588,73
99698,541
113286,6239
20771,300
158559,7
21033,73
87486,4
20514,10
20514,537
10790,37
158704,6149
182309,6117
182309,7225
150,10
133845,11
131863,6216
114840,70
140754,6498
131773,6222
21031,7
19703,18
4901,11
164212,18
146323,91
109979,21
117533,839
153554,7
18689,10
18689,11
9515,11
182814,6239
101024,456
10163,103
10163,755
9936,48
9936,83
20913,309
19111,14
173693,7066
173693,911
139589,839
178533,569
8516,300
8516,753
8516,6052
127050,6149
107490,7
11703,290
3782,43
167143,6222
167143,765
152523,354
102977,6142
134252,28
207141,6180
102680,95
329,14
21256,6069
21256,6077
101231,6140
101231,291
1033,11
13271,11
4059,2
12859,18
6573,4
6573,765
12729,120
18245,41
20853,561
20853,6068
128545,132
128545,6417
14353,11
1726,11
15227,569
127371,35
8129,112
8129,765
6500,346
10213,456
146676,911
4087,32
10029,21
10030,7
384,3
101571,866
21005,4418
20521,951
140501,911
322,11
21717,44
21799,6067
138056,894
138056,96
2104,3
2104,48
97730,418
97730,6108
98657,6072
166710,858
154364,6754
5682,5
163078,95
113260,6140
113260,7050
122434,569
21339,132
528,28
105143,18
124195,73
5231,28
178090,7331
31,6
31,10
19429,51
175443,7
175443,73
175443,1
195516,28
20572,803
142193,126
142193,6417
3470,3
3470,48
3783,43
111965,6416
4282,43
128223,300
122441,406
122441,6417
5258,11
202,4
184322,7
11761,6
11761,406
142877,839
147571,7
147571,6292
140999,561
140999,6127
145604,6068
145604,73
100402,2
100784,6116
16001,300
16001,392
178548,6314
114340,6125
108478,11
108478,6127
130050,6687
130050,6828
163135,7
21132,1
170468,37
101239,51
101239,6532
186,413
20778,18
21584,14
9062,132
187538,7385
154,27
12679,7
20964,569
239,3
19647,11
19647,569
20537,218
170083,18
121176,30
21855,7
21855,6127
21855,333
12031,1
11933,11
11933,418
24,126
169441,290
20995,27
155168,6069
130166,6288
172190,6126
10012,456
158709,6292
1698,7
1698,178
98205,101
857,18
100675,6222
164244,6311
18139,247
201903,4419
201903,7725
16201,218
179696,6138
12365,7
106863,6126
16,7
16,70
170890,7294
20751,8
2472,1
107420,951
107912,6333
113359,73
10588,88
177506,126
148109,839
103874,6117
126529,112
158926,51
132193,7
112293,418
170577,569
8086,218
131019,6239
154412,200
21335,18
107339,6292
10589,1
10357,88
10357,48
139095,7
167419,4399
139310,6728
4280,43
194393,6126
9367,179
182469,18
14397,11
97625,6117
21778,287
570,10
106051,957
12175,436
104051,44
138424,247
21840,6140
21840,6532
21840,6533
133175,200
97672,456
6351,2
6351,929
104159,6180
477,34
101117,2
20774,51
430,4
177552,118
101925,6116
21326,1
99916,218
148465,6288
177104,6126
177104,7516
179965,839
165855,6634
143271,4418
108522,73
17641,292
99940,37
9760,291
206914,6754
20694,300
20741,292
20741,4420
4155,18
15335,14
20448,309
101289,6125
122349,4
8246,1
98448,456
98448,6127
114129,6116
162669,6289
162669,6524
139606,60
195604,1
160389,7107
6922,37
19489,803
210,37
8142,14
8142,473
543,11
21445,163
18119,561
174802,95
11737,561
143866,4399
99507,4399
184591,6638
136149,569
16904,309
139311,73
10521,561
106918,6068
98702,7
103221,13
168139,6288
20556,561
20635,18
139821,7
20159,10
20159,27
20159,28
6205,70
21733,37
112357,6145
153452,858
101349,6217
10271,11
13469,2
108891,6149
100891,896
19769,11
180136,309
10218,13
5040,11
110355,6142
550,18
21066,6068
11977,44
5205,43
127412,118
100645,96
20553,51
127366,6288
20806,14
180812,6116
178433,6288
21184,569
182483,755
159808,4399
99714,6116
20520,7
21684,4418
133898,18
133898,894
195539,803
5204,43
11979,44
155418,7294
19951,11
4565,6
21823,11
97917,6145
156891,6524
21292,196
19291,28
7769,7
154966,561
20767,292
11553,7
21425,561
101,2
100332,6142
155730,4399
442,1
10568,7
16353,95
13535,14
18179,73
8407,88
1530,2
125124,6117
6811,14
113950,803
113950,894
113950,453
12115,13
161476,911
20819,561
20819,852
101261,569
10711,333
1559,65
1559,73
8557,51
8557,333
5300,112
21874,7845
100500,3
114302,6125
433,291
4752,37
135778,73
135778,101
98658,290
16732,418
10067,132
7592,37
4437,1
100749,555
155890,7225
21791,4
20592,6074
2787,7
21104,561
178886,132
151189,200
151189,6417
103303,2
3701,11
21660,7
21660,6127
4975,11
164172,6289
21637,803
21557,561
187,37
187,413
176276,911
176276,7066
168138,7284
5356,132
197824,6117
163147,4418
141351,569
180746,37
